INSERT INTO customers (customer_name, gender, age, city, signup_date) 
	VALUES ('Amit Sharma','Male',28,'Delhi','2024-01-10'),
('Neha Verma','Female',32,'Mumbai','2023-11-05'),
('Rahul Mehta','Male',40,'Bangalore','2022-07-19'),
('Pooja Singh','Female',25,'Noida','2024-02-14'),
('Karan Malhotra','Male',35,'Gurgaon','2023-06-10'),
('Anjali Gupta','Female',29,'Delhi','2023-09-01'),
('Suresh Iyer','Male',45,'Chennai','2021-12-20'),
('Ritika Jain','Female',31,'Jaipur','2022-10-18'),
('Mohit Bansal','Male',27,'Faridabad','2024-01-02'),
('Sneha Kapoor','Female',34,'Pune','2023-04-25'),
('Vikas Arora','Male',38,'Delhi','2022-08-09'),
('Shalini Mishra','Female',26,'Lucknow','2024-03-01'),
('Nikhil Khanna','Male',33,'Chandigarh','2023-07-21'),
('Preeti Nair','Female',41,'Kochi','2021-11-11'),
('Rohit Yadav','Male',24,'Meerut','2024-02-05'),
('Kavita Joshi','Female',36,'Indore','2022-09-17'),
('Deepak Kumar','Male',29,'Patna','2023-05-30'),
('Isha Malhotra','Female',27,'Delhi','2024-01-28'),
('Arjun Rao','Male',42,'Hyderabad','2021-06-13'),
('Meenal Saxena','Female',30,'Bhopal','2023-12-12');

INSERT INTO products (product_id, product_name, category, price, cost_price) 
	VALUES (101,'Wireless Mouse','Electronics',799,500),
(102,'Laptop Backpack','Accessories',1499,1000),
(103,'Bluetooth Speaker','Electronics',2499,1800),
(104,'Office Chair','Furniture',6999,5200),
(105,'Water Bottle','Home',499,300),
(106,'Smart Watch','Electronics',3999,3000),
(107,'Notebook Set','Stationery',299,150),
(108,'Desk Lamp','Home',1199,800),
(109,'Keyboard','Electronics',1299,900),
(110,'Power Bank','Electronics',1999,1400),
(111,'Running Shoes','Fashion',2999,2100),
(112,'T-shirt','Fashion',899,500),
(113,'Coffee Mug','Home',349,200),
(114,'Headphones','Electronics',2199,1600),
(115,'Study Table','Furniture',8999,7000);

INSERT INTO orders (order_id, customer_id, order_date, payment_mode) 
	VALUES (201,1,'2024-01-15','UPI'),
(202,2,'2023-11-10','Credit Card'),
(203,3,'2022-07-22','Net Banking'),
(204,4,'2024-02-20','UPI'),
(205,5,'2023-06-15','Debit Card'),
(206,6,'2023-09-05','UPI'),
(207,7,'2021-12-25','Cash'),
(208,8,'2022-10-22','Credit Card'),
(209,9,'2024-01-05','UPI'),
(210,10,'2023-04-30','Debit Card'),
(211,11,'2022-08-15','UPI'),
(212,12,'2024-03-05','UPI'),
(213,13,'2023-07-25','Credit Card'),
(214,14,'2021-11-20','Net Banking'),
(215,15,'2024-02-10','UPI'),
(216,16,'2022-09-20','Debit Card'),
(217,17,'2023-06-01','UPI'),
(218,18,'2024-02-01','UPI'),
(219,19,'2021-06-20','Net Banking'),
(220,20,'2023-12-15','Credit Card');

INSERT INTO order_details (order_detail_id, order_id, product_id, quantity, discount_percent) 
	VALUES (301,201,101,2,5.00),
(302,201,102,2,10.00),
(303,202,103,1,0.00),
(304,203,104,1,15.00),
(305,204,108,2,5.00),
(306,205,106,1,10.00),
(307,205,113,3,0.00),
(308,206,102,3,8.00),
(309,207,107,4,0.00),
(310,208,109,1,5.00),
(311,209,110,2,12.00),
(312,210,113,2,0.00),
(313,210,112,1,10.00),
(314,211,103,1,5.00),
(315,212,105,2,0.00),
(316,213,114,2,10.00),
(317,214,104,1,20.00),
(318,215,101,2,5.00),
(319,216,113,2,0.00),
(320,217,111,2,15.00),
(321,218,102,2,10.00),
(322,219,115,1,18.00),
(323,220,108,2,5.00);

INSERT INTO returns (return_id, order_id, return_reason, return_date) 
	VALUES (401,202,'Defective product','2023-11-15'),
(402,205,'Changed mind','2023-06-20'),
(403,207,'Excess quantity ordered','2021-12-28'),
(404,210,'Size issue','2023-05-05'),
(405,213,'Damaged packaging','2023-08-01'),
(406,216,'Not required','2022-09-25'),
(407,218,'Late delivery','2024-02-06'),
(408,220,'Product mismatch','2023-12-20');
